num__season,num__yr,num__mnth,num__holiday,num__weekday,num__workingday,num__weathersit,num__temp,num__atemp,num__hum,num__windspeed
1.3699647,0.9423009,1.0456941,-0.15285446,-0.48743618,0.72168785,1.0843866,-1.0042758,-1.0409647,1.3736223,0.30165404
0.45526266,-1.0612321,0.16546217,-0.15285446,0.4964212,0.72168785,-0.72844285,1.503034,1.5841073,-0.30451107,-0.13572551
-1.3741415,-1.0612321,1.6325154,-0.15285446,-1.4712936,-1.3856406,-0.72844285,-1.2403241,-1.2237957,0.37452018,-0.43197322
-0.4594394,0.9423009,-0.42135912,-0.15285446,-0.48743618,0.72168785,1.0843866,0.61012524,0.61296296,0.9603857,-0.89967674
1.3699647,-1.0612321,1.0456941,-0.15285446,1.4802786,-1.3856406,-0.72844285,-0.4368874,-0.3353367,0.013161683,-1.2226802
1.3699647,0.9423009,1.6325154,-0.15285446,0.0044924994,0.72168785,-0.72844285,-0.3507713,-0.31995222,-0.9860513,1.7078046
-1.3741415,-1.0612321,-1.301591,-0.15285446,0.0044924994,0.72168785,-0.72844285,-1.5288318,-1.4328535,-1.4154717,-1.2043604
-0.4594394,-1.0612321,-0.7147698,-0.15285446,-0.48743618,0.72168785,1.0843866,0.016362997,0.053951327,0.26729158,-0.39549324
1.3699647,0.9423009,1.6325154,-0.15285446,-0.9793649,0.72168785,1.0843866,-0.5955275,-0.48180655,1.9393811,-1.1518533
0.45526266,0.9423009,0.75228345,-0.15285446,0.98834985,0.72168785,-0.72844285,0.7098389,0.6939023,0.31350017,-1.0808605
0.45526266,-1.0612321,0.16546217,6.542171,-0.9793649,-1.3856406,1.0843866,1.2174851,1.1293926,0.07380742,-1.3643883
0.45526266,0.9423009,0.16546217,-0.15285446,0.4964212,0.72168785,-0.72844285,1.7659185,1.7151622,-1.173762,0.061240952
1.3699647,0.9423009,1.6325154,-0.15285446,1.4802786,-1.3856406,1.0843866,-0.65897924,-0.55501705,1.9682624,-1.1123245
1.3699647,-1.0612321,1.6325154,-0.15285446,-0.48743618,0.72168785,2.897216,-0.21932635,-0.146645,2.233946,0.5495911
-0.4594394,0.9423009,-0.42135912,-0.15285446,0.98834985,0.72168785,-0.72844285,0.16593623,0.24671501,-1.8495288,0.60474175
-0.4594394,-1.0612321,-0.12794848,-0.15285446,1.4802786,-1.3856406,-0.72844285,0.7189058,0.69764465,-1.1853158,-0.83666015
0.45526266,-1.0612321,0.75228345,-0.15285446,-0.48743618,0.72168785,-0.72844285,0.8050219,0.7517223,0.5907378,-0.60027504
1.3699647,-1.0612321,1.3391048,-0.15285446,1.4802786,-1.3856406,-0.72844285,-0.7949549,-0.7477258,-0.51532257,0.28965873
1.3699647,-1.0612321,1.3391048,-0.15285446,1.4802786,-1.3856406,-0.72844285,-0.9581257,-0.9558312,-0.7492419,-0.0016743176
-0.4594394,0.9423009,-0.42135912,-0.15285446,0.0044924994,0.72168785,-0.72844285,0.3336432,0.3508837,1.1769776,-0.64772433
-0.4594394,-1.0612321,-0.42135912,-0.15285446,-1.4712936,-1.3856406,-0.72844285,0.55120426,0.57434916,0.84775794,-0.52169114
-0.4594394,0.9423009,-0.7147698,-0.15285446,0.4964212,0.72168785,1.0843866,-0.024429705,0.019305756,0.8968567,-0.15920949
0.45526266,0.9423009,0.16546217,-0.15285446,-1.4712936,-1.3856406,-0.72844285,1.7387233,1.8923826,-0.37093028,-0.80515814
-1.3741415,0.9423009,1.6325154,-0.15285446,0.0044924994,0.72168785,2.897216,-1.4113816,-1.5878214,1.3589149,1.6131214
0.45526266,0.9423009,0.45887282,-0.15285446,-1.4712936,-1.3856406,1.0843866,0.81861943,0.70558107,1.514861,0.50240785
-0.4594394,0.9423009,-0.7147698,-0.15285446,-1.4712936,-1.3856406,2.897216,-0.57739383,-0.5550415,1.4426683,1.9677876
-0.4594394,-1.0612321,-0.7147698,-0.15285446,0.0044924994,0.72168785,1.0843866,-0.4912777,-0.38545218,1.3300406,0.7780216
0.45526266,0.9423009,0.75228345,-0.15285446,-0.9793649,0.72168785,-0.72844285,0.43788758,0.5203448,-0.8560962,0.88057077
0.45526266,0.9423009,0.16546217,-0.15285446,-0.9793649,0.72168785,-0.72844285,1.240144,1.2488663,0.28750914,-0.45064387
0.45526266,-1.0612321,0.16546217,-0.15285446,0.4964212,0.72168785,-0.72844285,1.3443938,1.2603681,0.16621765,-0.37992594
-0.4594394,0.9423009,-0.12794848,-0.15285446,-1.4712936,-1.3856406,-0.72844285,1.2174851,1.1177932,-0.61640346,-0.7026596
0.45526266,-1.0612321,0.16546217,-0.15285446,-0.9793649,0.72168785,-0.72844285,1.3081318,1.4684674,0.89974,-1.2462199
1.3699647,-1.0612321,1.6325154,-0.15285446,0.4964212,0.72168785,1.0843866,-0.4368874,-0.41625774,0.04781639,0.998738
1.3699647,0.9423009,1.6325154,-0.15285446,-1.4712936,-1.3856406,1.0843866,-0.6453816,-0.5511221,1.9278343,-0.39544258
-0.4594394,-1.0612321,-0.12794848,-0.15285446,0.4964212,0.72168785,1.0843866,0.6826438,0.7016129,0.42323777,0.21883945
-0.4594394,0.9423009,-0.42135912,-0.15285446,0.4964212,0.72168785,-0.72844285,0.96366197,0.9212872,-0.93117905,0.07707427
-0.4594394,-1.0612321,-1.0081805,-0.15285446,-1.4712936,-1.3856406,1.0843866,-1.3585685,-1.4046364,-0.9242759,-0.06199292
1.3699647,0.9423009,1.3391048,-0.15285446,-0.48743618,0.72168785,1.0843866,-1.1484916,-1.214046,1.104785,0.6126584
-1.3741415,-1.0612321,-1.5950017,-0.15285446,0.4964212,0.72168785,-0.72844285,-1.623422,-1.509214,-0.7555213,-1.2619659
-1.3741415,0.9423009,-1.301591,-0.15285446,0.0044924994,0.72168785,-0.72844285,-0.18306436,-0.08475305,-0.82721496,-0.0016109843
-0.4594394,0.9423009,-1.0081805,-0.15285446,1.4802786,-1.3856406,1.0843866,-0.42782056,-0.3584378,0.7697848,0.7780216
-0.4594394,0.9423009,-0.7147698,-0.15285446,0.4964212,0.72168785,-0.72844285,-0.024429705,0.07707686,-0.102356315,-1.5613549
-1.3741415,0.9423009,-1.5950017,-0.15285446,0.98834985,0.72168785,-0.72844285,-1.2436746,-1.4106009,-0.8301051,2.392906
-0.4594394,0.9423009,-0.12794848,-0.15285446,0.98834985,0.72168785,1.0843866,0.8231556,0.7786329,0.888193,0.6126711
1.3699647,-1.0612321,0.75228345,-0.15285446,-1.4712936,-1.3856406,1.0843866,0.7143751,0.56297565,1.5090876,-1.7583213
0.45526266,0.9423009,0.75228345,-0.15285446,-0.9793649,0.72168785,1.0843866,0.42429,0.44339806,0.7437938,-0.4743938
-1.3741415,-1.0612321,-1.301591,-0.15285446,0.0044924994,0.72168785,-0.72844285,-1.0038462,-1.0025585,-1.4124568,0.7928922
0.45526266,0.9423009,0.16546217,-0.15285446,0.4964212,0.72168785,-0.72844285,1.4531744,1.4299085,-0.18610288,-0.30102533
-1.3741415,-1.0612321,-1.5950017,-0.15285446,-0.48743618,0.72168785,-0.72844285,-1.6470709,-1.6379491,-0.25528753,-0.36604327
1.3699647,-1.0612321,1.0456941,-0.15285446,0.0044924994,0.72168785,1.0843866,-0.10147896,-0.046243053,0.6456101,-0.51366043
0.45526266,-1.0612321,0.45887282,-0.15285446,1.4802786,-1.3856406,1.0843866,1.1630948,1.1949414,0.88530284,0.4947065
1.3699647,-1.0612321,1.0456941,-0.15285446,-1.4712936,-1.3856406,-0.72844285,0.04809428,0.13878566,-0.97449744,1.1719545
1.3699647,-1.0612321,1.0456941,-0.15285446,1.4802786,-1.3856406,1.0843866,-0.50487524,-0.41243604,0.8766391,1.305955
-0.4594394,0.9423009,-0.42135912,-0.15285446,-1.4712936,-1.3856406,-0.72844285,1.0180522,0.9829227,0.4838835,0.32903934
1.3699647,0.9423009,1.0456941,6.542171,-0.9793649,-1.3856406,1.0843866,-0.6499178,-0.5666165,0.5705203,0.006141008
0.45526266,0.9423009,0.75228345,-0.15285446,1.4802786,-1.3856406,-0.72844285,0.57386327,0.6437441,-0.87053335,0.7388056
0.45526266,-1.0612321,-0.12794848,-0.15285446,-0.9793649,0.72168785,1.0843866,0.9772596,0.95593274,0.21530952,-1.0336772
1.3699647,0.9423009,1.6325154,-0.15285446,-0.9793649,0.72168785,-0.72844285,-0.27371663,-0.15033239,0.97193956,-1.3486614
-1.3741415,0.9423009,-1.5950017,-0.15285446,0.0044924994,0.72168785,-0.72844285,-1.08504,-1.2525316,-1.2748429,2.865638
-1.3741415,0.9423009,-1.5950017,-0.15285446,0.4964212,0.72168785,-0.72844285,-1.7014612,-1.7727708,-0.89941454,0.39220795
-1.3741415,-1.0612321,-1.5950017,-0.15285446,0.98834985,0.72168785,1.0843866,-1.6659878,-1.6579916,-0.89112514,-0.2592634
-1.3741415,0.9423009,1.6325154,-0.15285446,1.4802786,-1.3856406,1.0843866,-1.3569913,-1.4531035,0.87086564,-0.8209408
-1.3741415,0.9423009,-1.0081805,-0.15285446,0.4964212,0.72168785,-0.72844285,0.2973812,0.31992552,-0.33050212,-0.49794114
-1.3741415,-1.0612321,1.6325154,-0.15285446,0.98834985,0.72168785,-0.72844285,-1.0397111,-0.9866124,0.06514374,-0.69485694
-1.3741415,0.9423009,-1.0081805,-0.15285446,-1.4712936,-1.3856406,-0.72844285,-0.76736814,-0.7371765,-1.0417969,0.42297524
0.45526266,-1.0612321,0.16546217,-0.15285446,1.4802786,-1.3856406,-0.72844285,1.2809367,1.140937,-1.2661792,-0.9390067
-1.3741415,-1.0612321,-1.5950017,-0.15285446,0.4964212,0.72168785,-0.72844285,-1.674266,-1.5916858,0.4174643,-0.9545233
-0.4594394,0.9423009,-0.7147698,-0.15285446,-0.48743618,0.72168785,-0.72844285,0.57386327,0.7207885,-1.6416006,1.0695065
-0.4594394,0.9423009,-0.42135912,-0.15285446,-1.4712936,-1.3856406,-0.72844285,0.64185107,0.6321447,-0.67126876,0.82552147
1.3699647,0.9423009,1.3391048,-0.15285446,-1.4712936,-1.3856406,-0.72844285,-1.397784,-1.3604121,-1.1015693,-0.4901258
1.3699647,-1.0612321,0.75228345,-0.15285446,-0.48743618,0.72168785,1.0843866,0.7279726,0.5745018,1.7892154,-0.8996261
0.45526266,-1.0612321,0.16546217,-0.15285446,-1.4712936,-1.3856406,-0.72844285,1.779516,1.9194459,-0.5297667,-0.25362673
1.3699647,0.9423009,1.6325154,-0.15285446,-0.9793649,0.72168785,1.0843866,-0.3643689,-0.2737805,2.0635629,0.014108333
-1.3741415,-1.0612321,-1.5950017,-0.15285446,-0.48743618,0.72168785,1.0843866,-1.5193734,-1.5011739,-0.07146511,-0.7523762
1.3699647,-1.0612321,1.0456941,6.542171,-0.9793649,-1.3856406,-0.72844285,0.36989975,0.38158548,0.7380203,-1.8606045
1.3699647,-1.0612321,1.3391048,-0.15285446,0.4964212,0.72168785,1.0843866,-0.8765403,-0.95969564,-0.35649315,1.4714575
-0.4594394,0.9423009,-0.42135912,-0.15285446,1.4802786,-1.3856406,-0.72844285,1.0316498,0.99068207,0.72935665,0.12410555
-0.4594394,-1.0612321,-0.7147698,-0.15285446,0.4964212,0.72168785,-0.72844285,-0.35530204,-0.2852517,-0.16877553,-0.3405073
-1.3741415,-1.0612321,-1.5950017,-0.15285446,0.0044924994,0.72168785,1.0843866,-1.1457341,-1.1110922,0.7933916,0.2422221
-1.3741415,0.9423009,-1.5950017,6.542171,-0.9793649,-1.3856406,-0.72844285,-1.249788,-1.3926401,-1.7047622,1.7792952
1.3699647,0.9423009,1.0456941,-0.15285446,1.4802786,-1.3856406,-0.72844285,-0.10147896,-0.046267472,-0.37670377,-0.9076567
-0.4594394,0.9423009,-0.42135912,-0.15285446,1.4802786,-1.3856406,-0.72844285,0.52853984,0.5280004,-1.1853158,-1.332775
-1.3741415,-1.0612321,-1.301591,-0.15285446,0.98834985,0.72168785,1.0843866,-1.5855881,-1.5374311,-0.29145318,-0.7771649
1.3699647,-1.0612321,1.0456941,-0.15285446,-0.9793649,0.72168785,-0.72844285,-0.8856071,-0.759197,0.5272019,-1.0493586
-0.4594394,0.9423009,-0.12794848,-0.15285446,-0.9793649,0.72168785,1.0843866,0.35630217,0.39328867,1.0441391,-0.18301013
1.3699647,-1.0612321,0.75228345,-0.15285446,0.4964212,0.72168785,-0.72844285,0.6191921,0.5744224,0.49832758,-0.2066081
1.3699647,-1.0612321,1.6325154,-0.15285446,-0.48743618,0.72168785,-0.72844285,-1.1983511,-1.0945112,-0.25830248,-0.616159
-0.4594394,-1.0612321,-0.12794848,-0.15285446,-0.48743618,0.72168785,-0.72844285,1.1132352,1.071597,-0.20343024,-0.0175583
1.3699647,0.9423009,0.75228345,-0.15285446,-1.4712936,-1.3856406,-0.72844285,0.12967968,0.22736232,-0.30451107,-0.6869909
0.45526266,-1.0612321,0.45887282,-0.15285446,1.4802786,-1.3856406,1.0843866,0.99538785,1.0099859,0.7091391,0.2819574
1.3699647,-1.0612321,1.3391048,-0.15285446,-0.48743618,0.72168785,1.0843866,0.14780796,0.16580005,0.42612797,0.13222487
-0.4594394,-1.0612321,-0.7147698,-0.15285446,0.4964212,0.72168785,-0.72844285,-0.23745462,-0.1619562,-1.5260894,1.7234732
-0.4594394,0.9423009,-0.7147698,-0.15285446,-1.4712936,-1.3856406,-0.72844285,0.5648018,0.5705336,-0.82721496,0.45517388
0.45526266,0.9423009,0.45887282,-0.15285446,-0.48743618,0.72168785,-0.72844285,0.7959605,0.7362829,0.32216385,-1.4746946
1.3699647,-1.0612321,1.0456941,-0.15285446,-1.4712936,-1.3856406,1.0843866,-0.7949549,-0.8248007,1.1394397,0.41570458
0.45526266,-1.0612321,-0.12794848,-0.15285446,1.4802786,-1.3856406,-0.72844285,1.0452474,0.99444884,-0.9976052,0.25810608
0.45526266,-1.0612321,0.45887282,-0.15285446,0.4964212,0.72168785,-0.72844285,1.1676255,1.0445583,-1.4105715,-0.30904335
0.45526266,0.9423009,0.75228345,-0.15285446,-0.48743618,0.72168785,1.0843866,0.6554487,0.5167612,1.6996884,2.1329734
0.45526266,0.9423009,0.75228345,-0.15285446,1.4802786,-1.3856406,-0.72844285,0.80049115,0.794054,0.13445316,1.1955905
0.45526266,-1.0612321,-0.12794848,-0.15285446,0.0044924994,0.72168785,-0.72844285,1.2537416,1.3028463,0.5560831,-0.2144741
-1.3741415,0.9423009,-1.0081805,-0.15285446,0.0044924994,0.72168785,-0.72844285,0.3789666,0.41633484,-0.83299536,-0.9390067
0.45526266,0.9423009,0.45887282,-0.15285446,0.98834985,0.72168785,-0.72844285,1.1993513,-1.4531035,-0.39114785,0.5340238
-1.3741415,-1.0612321,-1.301591,-0.15285446,0.98834985,0.72168785,-0.72844285,-1.7064053,-1.6294816,-0.8379787,-1.0214919
-0.4594394,0.9423009,-0.7147698,-0.15285446,1.4802786,-1.3856406,-0.72844285,-0.35530204,-0.33144784,-2.5859413,1.0852386
-1.3741415,0.9423009,-1.301591,-0.15285446,-0.9793649,0.72168785,-0.72844285,-1.5246928,-1.5415459,-1.4972082,-0.27754137
1.3699647,0.9423009,1.3391048,-0.15285446,-0.9793649,0.72168785,-0.72844285,-1.0306497,-0.8633413,-0.6366141,-1.8055578
-0.4594394,-1.0612321,-0.42135912,-0.15285446,-0.9793649,0.72168785,1.0843866,0.2520578,0.31997436,0.7120293,-0.07270891
-0.4594394,-1.0612321,-0.12794848,-0.15285446,1.4802786,-1.3856406,-0.72844285,1.0543143,0.9983621,0.29906303,-0.8839574
-1.3741415,0.9423009,1.6325154,-0.15285446,0.98834985,0.72168785,1.0843866,-0.9581257,-1.0906712,-0.48933157,2.3457227
-0.4594394,-1.0612321,-0.12794848,-0.15285446,0.98834985,0.72168785,-0.72844285,1.371589,1.3606174,-0.15433837,-0.61610836
-0.4594394,-1.0612321,-0.7147698,-0.15285446,-0.9793649,0.72168785,-0.72844285,0.05262499,0.13873681,-0.5875222,-0.32461065
-0.4594394,-1.0612321,-0.7147698,-0.15285446,-1.4712936,-1.3856406,1.0843866,-0.41422302,-0.32773602,1.5957243,-0.53741044
-0.4594394,-1.0612321,-0.7147698,-0.15285446,1.4802786,-1.3856406,2.897216,-0.391564,-0.3353367,1.8094261,1.9204397
1.3699647,-1.0612321,1.0456941,-0.15285446,1.4802786,-1.3856406,2.897216,-1.3524551,-1.5415459,1.7689978,2.0542376
-1.3741415,0.9423009,-1.5950017,-0.15285446,-1.4712936,-1.3856406,-0.72844285,-1.1983511,-1.2679955,-2.1903024,0.644173
-0.4594394,0.9423009,-0.12794848,-0.15285446,1.4802786,-1.3856406,-0.72844285,0.70077753,0.6977179,-0.853206,-0.28534403
-1.3741415,0.9423009,-1.0081805,-0.15285446,-0.48743618,0.72168785,-0.72844285,0.31550947,0.35477257,1.2520674,-0.86035943
-1.3741415,-1.0612321,-1.0081805,-0.15285446,0.0044924994,0.72168785,1.0843866,-1.1258327,-1.1832161,1.0268118,0.39210662
1.3699647,0.9423009,1.6325154,-0.15285446,-1.4712936,-1.3856406,1.0843866,-0.8448144,-0.73999697,1.3589149,-0.82099146
-0.4594394,-1.0612321,-0.42135912,-0.15285446,-0.48743618,0.72168785,1.0843866,0.32004562,0.35474813,1.4599956,1.1166899
1.3699647,-1.0612321,1.0456941,-0.15285446,0.4964212,0.72168785,-0.72844285,-0.1468078,-0.08483242,0.062253542,2.952354
1.3699647,-1.0612321,1.3391048,-0.15285446,-1.4712936,-1.3856406,-0.72844285,-0.33717376,-0.30445787,-1.1708788,1.1720052
1.3699647,0.9423009,1.0456941,-0.15285446,0.0044924994,0.72168785,-0.72844285,0.061691847,0.1387124,0.024708632,-0.017393636
-1.3741415,0.9423009,1.6325154,6.542171,-0.48743618,-1.3856406,1.0843866,-1.150466,-1.1352495,0.74517995,-0.2592634
1.3699647,0.9423009,1.3391048,-0.15285446,0.4964212,0.72168785,-0.72844285,-1.2072169,-1.1110922,-0.49636647,-0.93318003
-1.3741415,-1.0612321,-1.0081805,-0.15285446,0.4964212,0.72168785,-0.72844285,-1.6561377,-1.7111412,-2.1412106,0.46309054
1.3699647,-1.0612321,1.6325154,-0.15285446,1.4802786,-1.3856406,-0.72844285,-1.2391438,-1.3065115,-0.8301051,0.55767244
-1.3741415,0.9423009,-1.301591,-0.15285446,1.4802786,-1.3856406,2.897216,-1.515626,-1.6456108,0.720693,1.2742884
0.45526266,-1.0612321,0.75228345,-0.15285446,-1.4712936,-1.3856406,-0.72844285,0.025429854,0.061759554,0.46944633,-0.13567485
0.45526266,0.9423009,0.45887282,-0.15285446,0.98834985,0.72168785,-0.72844285,1.4214486,1.2758075,-0.27562985,-0.26170805
-0.4594394,-1.0612321,-0.12794848,-0.15285446,0.0044924994,0.72168785,1.0843866,1.4214486,1.4685223,0.34526467,0.22670545
0.45526266,-1.0612321,0.75228345,-0.15285446,1.4802786,-1.3856406,-0.72844285,0.85488147,0.7786329,0.8766391,-0.45075786
1.3699647,0.9423009,1.3391048,-0.15285446,1.4802786,-1.3856406,-0.72844285,-0.61818653,-0.52797824,0.12578948,-1.6637444
-1.3741415,0.9423009,-1.301591,-0.15285446,0.98834985,0.72168785,1.0843866,-1.2074181,-1.1407866,-0.6048496,-0.91535807
0.45526266,-1.0612321,-0.12794848,-0.15285446,0.4964212,0.72168785,-0.72844285,1.0543143,0.9559572,-1.3383719,-0.049174268
-1.3741415,0.9423009,-1.301591,-0.15285446,0.0044924994,0.72168785,1.0843866,-0.86195827,-0.8055519,1.2303458,-0.12764418
-1.3741415,-1.0612321,-1.5950017,-0.15285446,0.0044924994,0.72168785,2.897216,-1.551888,-1.6899754,1.630379,1.325639
1.3699647,0.9423009,1.0456941,-0.15285446,0.4964212,0.72168785,-0.72844285,-0.36889958,-0.3006911,-1.136224,-0.09624355
0.45526266,0.9423009,0.75228345,-0.15285446,-0.48743618,0.72168785,-0.72844285,0.40616173,0.4509804,-0.7434684,-1.2304385
1.3699647,-1.0612321,0.75228345,-0.15285446,0.98834985,0.72168785,-0.72844285,0.3336432,0.3932093,0.14022663,0.21889012
1.3699647,-1.0612321,1.0456941,-0.15285446,-0.48743618,0.72168785,-0.72844285,-0.10147896,-0.046169795,0.57341045,0.21102414
-0.4594394,0.9423009,-0.42135912,-0.15285446,0.0044924994,0.72168785,1.0843866,0.39256418,0.44324544,0.81021994,0.34475866
-1.3741415,0.9423009,-1.5950017,-0.15285446,1.4802786,-1.3856406,-0.72844285,-1.7558514,-1.8152062,-1.1766522,-0.02547496
-1.3741415,-1.0612321,-1.5950017,-0.15285446,-1.4712936,-1.3856406,1.0843866,-0.75790966,-0.77338487,0.47698027,0.7517002
-0.4594394,-1.0612321,-0.7147698,-0.15285446,-0.9793649,0.72168785,1.0843866,0.504891,0.51767695,0.6216221,1.7135426
-0.4594394,0.9423009,-0.42135912,-0.15285446,-1.4712936,-1.3856406,-0.72844285,0.5965277,0.6399041,-0.35360295,0.4550219
-0.4594394,0.9423009,-0.42135912,-0.15285446,-1.4712936,-1.3856406,1.0843866,0.32457632,0.40485755,0.7813387,-0.4979918
-1.3741415,-1.0612321,-1.301591,-0.15285446,-0.48743618,0.72168785,-0.72844285,-1.743766,-1.7972211,-0.34301245,0.082191594
0.45526266,-1.0612321,-0.12794848,-0.15285446,-1.4712936,-1.3856406,-0.72844285,0.96366197,0.9597483,-0.78967696,-1.1990366
0.45526266,-1.0612321,0.16546217,-0.15285446,0.4964212,0.72168785,-0.72844285,0.9681927,0.9443333,-1.046697,0.6519883
1.3699647,-1.0612321,1.0456941,-0.15285446,0.4964212,0.72168785,-0.72844285,-0.04708869,2.63349e-05,-0.04460078,-0.6870416
-0.4594394,-1.0612321,-0.42135912,-0.15285446,-0.48743618,0.72168785,1.0843866,0.6191921,0.6206185,0.4838835,1.943987
-1.3741415,-1.0612321,-1.5950017,-0.15285446,1.4802786,-1.3856406,1.0843866,-1.4657718,-1.4182321,-0.8907509,-0.39559457
-1.3741415,0.9423009,-1.0081805,-0.15285446,0.4964212,0.72168785,-0.72844285,0.1342104,0.26973677,-0.41424868,3.1966684
-1.3741415,0.9423009,-1.0081805,-0.15285446,0.98834985,0.72168785,1.0843866,-0.8130886,-0.7361264,0.20664585,-0.5610084
0.45526266,0.9423009,0.75228345,-0.15285446,0.4964212,0.72168785,-0.72844285,0.5965277,0.605228,0.06802701,-1.3486614
-1.3741415,0.9423009,-1.5950017,-0.15285446,0.98834985,0.72168785,1.0843866,-0.42328987,-0.39705157,0.7900024,1.943987
-0.4594394,-1.0612321,-0.7147698,-0.15285446,1.4802786,-1.3856406,1.0843866,-0.8720096,-0.8479263,1.7343432,-0.7107409
-1.3741415,-1.0612321,-1.301591,-0.15285446,-1.4712936,-1.3856406,-0.72844285,-1.1802229,-1.1523067,-0.4084752,-0.6003257
-1.3741415,-1.0612321,-1.5950017,-0.15285446,1.4802786,-1.3856406,-0.72844285,-1.6659878,-1.6379247,0.1696069,-0.5551691
-0.4594394,-1.0612321,-0.42135912,-0.15285446,0.98834985,0.72168785,-0.72844285,0.97272885,0.9559572,0.18354501,0.6521403
1.3699647,0.9423009,1.3391048,-0.15285446,0.4964212,0.72168785,1.0843866,-0.9853208,-0.95193624,-0.04748405,-0.45862386
0.45526266,0.9423009,0.16546217,-0.15285446,-0.48743618,0.72168785,-0.72844285,1.1449611,1.114002,0.5329823,-0.301076
-1.3741415,0.9423009,-1.301591,-0.15285446,1.4802786,-1.3856406,-0.72844285,-0.84934515,-0.763092,-0.6423945,0.021974325
-1.3741415,-1.0612321,-1.5950017,-0.15285446,-1.4712936,-1.3856406,-0.72844285,-1.4748333,-1.5030603,-0.99471503,-0.009641643
-0.4594394,0.9423009,-0.7147698,-0.15285446,0.4964212,0.72168785,-0.72844285,-0.36889958,-0.30071554,-1.7542284,0.38424063
0.45526266,-1.0612321,0.16546217,-0.15285446,-1.4712936,-1.3856406,1.0843866,1.1630948,1.148672,0.38280958,0.50240785
-1.3741415,-1.0612321,-1.5950017,-0.15285446,0.0044924994,0.72168785,-0.72844285,-1.5004511,-1.5332614,-1.3190346,-0.029059622
1.3699647,0.9423009,0.75228345,-0.15285446,0.0044924994,0.72168785,-0.72844285,0.7189058,0.70934784,0.024708632,0.69927293
1.3699647,0.9423009,0.75228345,-0.15285446,-1.4712936,-1.3856406,-0.72844285,0.14327724,0.2351156,-1.110233,0.43147457
0.45526266,0.9423009,0.16546217,-0.15285446,-0.48743618,0.72168785,-0.72844285,1.3489245,1.3798969,0.19220869,0.2819574
-0.4594394,-1.0612321,-0.12794848,-0.15285446,0.4964212,0.72168785,-0.72844285,1.1540279,0.99828887,-2.233621,1.305841
0.45526266,0.9423009,0.16546217,-0.15285446,0.0044924994,0.72168785,-0.72844285,1.5800833,1.6188017,-0.34782946,-0.655527
0.45526266,-1.0612321,0.75228345,-0.15285446,0.98834985,0.72168785,1.0843866,0.80049115,0.60149175,1.8758521,-0.82099146
0.45526266,-1.0612321,0.75228345,-0.15285446,-1.4712936,-1.3856406,-0.72844285,0.81861943,0.78636783,0.5994015,-0.939108
1.3699647,0.9423009,1.3391048,-0.15285446,-0.9793649,0.72168785,1.0843866,-0.6635153,-0.63979644,-0.027273428,0.5810551
-0.4594394,-1.0612321,-0.7147698,-0.15285446,-0.9793649,0.72168785,-0.72844285,0.3834973,0.3816099,-1.3932441,2.487437
1.3699647,0.9423009,1.3391048,-0.15285446,0.98834985,0.72168785,-0.72844285,-0.8040217,-0.7593252,-0.7290312,0.9750893
-1.3741415,0.9423009,-1.5950017,-0.15285446,0.98834985,0.72168785,-0.72844285,-0.917333,-0.85563076,-0.59041244,-0.2696247
-1.3741415,0.9423009,-1.5950017,-0.15285446,-1.4712936,-1.3856406,1.0843866,-1.8510344,-1.942415,1.1712041,0.13228822
-0.4594394,0.9423009,-0.12794848,-0.15285446,1.4802786,-1.3856406,-0.72844285,0.43788758,0.52421534,-0.54131365,-0.033340953
0.45526266,-1.0612321,-0.12794848,-0.15285446,-0.48743618,0.72168785,-0.72844285,1.312668,1.2950869,0.04781639,-0.5688744
-1.3741415,0.9423009,-1.301591,-0.15285446,0.0044924994,0.72168785,1.0843866,-1.3388575,-1.3064566,0.6629374,-0.7026596
-0.4594394,0.9423009,-0.7147698,-0.15285446,-0.48743618,0.72168785,-0.72844285,-0.19666193,-0.11561356,-1.5982822,-1.1281072
-0.4594394,-1.0612321,-0.7147698,-0.15285446,-0.48743618,0.72168785,1.0843866,-0.48221084,-0.5010371,0.10268172,2.519053
-0.4594394,0.9423009,-0.7147698,-0.15285446,0.0044924994,0.72168785,-0.72844285,0.21126509,0.3237411,-1.0929056,-0.10410955
0.45526266,-1.0612321,0.45887282,-0.15285446,0.4964212,0.72168785,-0.72844285,1.1358997,1.1101071,0.1893185,0.55750775
1.3699647,-1.0612321,1.0456941,-0.15285446,0.0044924994,0.72168785,-0.72844285,0.19313137,0.2852067,0.14311683,-0.15129283
0.45526266,0.9423009,-0.12794848,-0.15285446,0.4964212,0.72168785,-0.72844285,1.648071,1.661286,-0.41135848,-0.8918234
1.3699647,-1.0612321,1.6325154,-0.15285446,-1.4712936,-1.3856406,-0.72844285,-0.9354667,-0.8017057,1.0296952,-1.3329865
1.3699647,0.9423009,0.75228345,-0.15285446,1.4802786,-1.3856406,-0.72844285,0.2157958,0.30448613,-0.584632,0.48652384
-0.4594394,-1.0612321,-0.7147698,-0.15285446,1.4802786,-1.3856406,1.0843866,-0.23292392,-0.18497796,1.8065428,0.52605647
-0.4594394,-1.0612321,-0.42135912,-0.15285446,-1.4712936,-1.3856406,-0.72844285,0.1387411,0.2351156,0.030489037,-1.4510498
0.45526266,0.9423009,0.75228345,-0.15285446,0.0044924994,0.72168785,-0.72844285,0.27018607,0.3661949,-0.6279504,0.32909
1.3699647,-1.0612321,1.0456941,-0.15285446,-1.4712936,-1.3856406,-0.72844285,-0.44141814,-0.35462222,0.7900024,-1.1359668
1.3699647,-1.0612321,1.3391048,-0.15285446,1.4802786,-1.3856406,-0.72844285,-0.6907105,-0.58200705,0.3770361,-1.5297946
0.45526266,0.9423009,0.16546217,-0.15285446,-1.4712936,-1.3856406,-0.72844285,1.3217294,1.3722413,0.6282827,-0.28534403
-0.4594394,-1.0612321,-0.12794848,-0.15285446,0.98834985,0.72168785,-0.72844285,0.6373204,0.6514729,-1.8928472,0.8097389
0.45526266,-1.0612321,0.45887282,-0.15285446,-0.9793649,0.72168785,-0.72844285,1.4259793,1.3605624,-0.24386534,0.037756976
0.45526266,-1.0612321,0.16546217,-0.15285446,0.0044924994,0.72168785,-0.72844285,1.3262656,1.2758319,0.030489037,-0.5454411
1.3699647,0.9423009,1.6325154,-0.15285446,-0.48743618,0.72168785,1.0843866,-0.8130886,-0.86725456,-0.2120939,1.353341
1.3699647,-1.0612321,1.3391048,-0.15285446,-0.9793649,0.72168785,2.897216,-0.30091175,-0.21586289,1.9595988,-0.647775
1.3699647,0.9423009,1.3391048,6.542171,-0.9793649,-1.3856406,-0.72844285,-0.09694825,-0.030754805,0.7928926,-0.19857745
1.3699647,0.9423009,1.3391048,-0.15285446,0.4964212,0.72168785,-0.72844285,-0.81939244,-0.8457163,-2.0362415,2.0094483
1.3699647,-1.0612321,1.0456941,-0.15285446,0.0044924994,0.72168785,2.897216,0.2203265,0.227692,1.9336077,0.7467729
-0.4594394,-1.0612321,-0.42135912,-0.15285446,1.4802786,-1.3856406,-0.72844285,0.09341769,0.19658118,-0.59618586,-0.36409262
-0.4594394,-1.0612321,-0.42135912,-0.15285446,0.98834985,0.72168785,-0.72844285,0.18406995,0.2968305,0.6398297,-0.8129608
0.45526266,0.9423009,0.45887282,-0.15285446,-0.9793649,0.72168785,-0.72844285,1.1857538,1.1100826,-0.5673047,-0.67110693
1.3699647,-1.0612321,1.3391048,-0.15285446,-1.4712936,-1.3856406,-0.72844285,-0.84028375,-0.72076637,0.7437938,-1.2304385
1.3699647,0.9423009,1.6325154,-0.15285446,0.98834985,0.72168785,1.0843866,-0.98985696,-0.9674062,0.9488388,-0.7421922
0.45526266,-1.0612321,0.75228345,-0.15285446,0.0044924994,0.72168785,1.0843866,0.5013447,0.42803192,1.8902893,-1.1753386
-1.3741415,0.9423009,-1.5950017,-0.15285446,1.4802786,-1.3856406,-0.72844285,-1.017052,-0.9404162,-0.5817487,0.27404073
0.45526266,0.9423009,0.45887282,-0.15285446,-1.4712936,-1.3856406,-0.72844285,1.4486437,1.5302556,0.17488134,1.282205
1.3699647,-1.0612321,1.3391048,-0.15285446,0.98834985,0.72168785,1.0843866,-0.5411373,-0.470256,-0.0330469,1.0460733
-1.3741415,0.9423009,-1.5950017,-0.15285446,-0.48743618,0.72168785,-0.72844285,-0.6136558,-0.60502267,-1.4596634,0.9198881
-0.4594394,-1.0612321,-0.12794848,-0.15285446,-1.4712936,-1.3856406,-0.72844285,1.0316498,0.9945221,0.83621097,-0.32461065
-1.3741415,-1.0612321,1.6325154,6.542171,-0.9793649,-1.3856406,-0.72844285,-0.9849292,-1.0066183,-0.8338687,0.63676304
0.45526266,0.9423009,0.16546217,-0.15285446,-1.4712936,-1.3856406,-0.72844285,1.19029,1.1447526,-0.024383226,-0.23811008
-0.4594394,-1.0612321,-0.12794848,-0.15285446,-0.9793649,0.72168785,-0.72844285,0.95459515,0.8634672,-0.18899308,-0.8524428
1.3699647,0.9423009,1.0456941,-0.15285446,1.4802786,-1.3856406,-0.72844285,-0.5955275,-0.54349095,-0.91963214,-0.54532707
0.45526266,-1.0612321,0.16546217,-0.15285446,0.98834985,0.72168785,-0.72844285,1.8792297,2.2006824,-0.3247217,-0.7105256
-1.3741415,0.9423009,-1.5950017,-0.15285446,0.0044924994,0.72168785,-0.72844285,-1.134894,-1.1330761,0.1142356,-0.35622662
-0.4594394,0.9423009,-0.42135912,-0.15285446,0.4964212,0.72168785,1.0843866,0.31097877,0.34689108,0.97771305,-0.7029763
-0.4594394,0.9423009,-0.12794848,-0.15285446,0.0044924994,0.72168785,-0.72844285,0.83221704,0.797894,-0.31317475,1.951739
-1.3741415,0.9423009,-1.301591,6.542171,-0.9793649,-1.3856406,-0.72844285,-1.2119488,-1.2639052,-0.8278457,0.50525784
0.45526266,0.9423009,0.45887282,-0.15285446,0.4964212,0.72168785,-0.72844285,1.1766924,1.0638926,-0.7492419,-0.60037637
0.45526266,0.9423009,0.45887282,-0.15285446,-0.9793649,0.72168785,-0.72844285,1.0905708,1.0638926,0.7149195,-0.7658409
0.45526266,-1.0612321,0.45887282,-0.15285446,-0.48743618,0.72168785,-0.72844285,1.5256929,1.383688,-0.94273293,0.21097346
-1.3741415,0.9423009,-1.0081805,-0.15285446,0.98834985,0.72168785,1.0843866,-0.3643689,-0.26978788,1.48887,-0.96269333
-1.3741415,-1.0612321,-1.5950017,-0.15285446,-0.9793649,0.72168785,-0.72844285,-1.9144915,-2.0117793,-1.0004885,0.43158856
1.3699647,-1.0612321,1.6325154,-0.15285446,-0.9793649,0.72168785,-0.72844285,-1.4385767,-1.2834104,0.30194628,-1.592758
0.45526266,0.9423009,0.16546217,-0.15285446,-0.9793649,0.72168785,-0.72844285,1.5166315,1.3529618,-1.2488518,0.07692227
0.45526266,0.9423009,0.45887282,-0.15285446,-1.4712936,-1.3856406,1.0843866,0.7234365,0.7517223,0.58496433,-1.301425
-1.3741415,-1.0612321,-1.301591,-0.15285446,0.4964212,0.72168785,-0.72844285,-1.9497637,-2.01996,-1.3160266,0.41471657
-0.4594394,0.9423009,-0.7147698,-0.15285446,-1.4712936,-1.3856406,-0.72844285,-0.015362847,0.07328569,-2.4357755,0.54975575
0.45526266,0.9423009,-0.12794848,-0.15285446,1.4802786,-1.3856406,-0.72844285,1.4259793,1.264257,-0.18032941,-0.35622662
0.45526266,-1.0612321,0.45887282,-0.15285446,0.0044924994,0.72168785,-0.72844285,0.8367532,0.7979184,-0.20343024,-1.3409032
-1.3741415,0.9423009,-1.0081805,-0.15285446,-0.48743618,0.72168785,-0.72844285,0.3381739,0.3816099,-0.06770161,0.6049064
-1.3741415,0.9423009,-1.301591,-0.15285446,0.4964212,0.72168785,-0.72844285,-0.26464978,-0.21962354,-0.50377566,0.021771658
-0.4594394,0.9423009,-0.12794848,-0.15285446,0.98834985,0.72168785,-0.72844285,0.7959605,0.7169729,-1.1044526,-0.17494147
-0.4594394,-1.0612321,-0.42135912,-0.15285446,-0.48743618,0.72168785,-0.72844285,0.16140552,0.25824115,-0.95717007,-0.9312927
-0.4594394,0.9423009,-1.0081805,-0.15285446,0.4964212,0.72168785,-0.72844285,-0.04708869,0.011497529,-1.3037171,1.6524386
1.3699647,0.9423009,1.0456941,-0.15285446,-0.9793649,0.72168785,-0.72844285,-0.08335068,0.015392485,-0.4084752,-1.3643365
1.3699647,0.9423009,1.6325154,-0.15285446,1.4802786,-1.3856406,-0.72844285,-0.97172326,-0.8671324,0.16044419,-1.0493586
-0.4594394,-1.0612321,-0.12794848,-0.15285446,0.4964212,0.72168785,1.0843866,1.6616687,1.6920366,-0.4084752,-0.49794114
1.3699647,-1.0612321,1.6325154,-0.15285446,0.0044924994,0.72168785,1.0843866,-1.0079852,-0.86726063,0.25285444,-1.6243196
0.45526266,0.9423009,0.45887282,-0.15285446,0.4964212,0.72168785,-0.72844285,1.3579915,1.3837918,0.2239732,-0.75797486
-0.4594394,0.9423009,-0.42135912,-0.15285446,-0.48743618,0.72168785,1.0843866,0.59199697,0.58597296,1.1596503,-0.52949375
-1.3741415,-1.0612321,-1.0081805,-0.15285446,0.4964212,0.72168785,2.897216,-0.6185999,-0.57846004,-4.347558,0.92064804
-1.3741415,-1.0612321,-1.301591,-0.15285446,0.0044924994,0.72168785,1.0843866,-1.3207293,-1.3797404,1.0268118,0.9514407
0.45526266,0.9423009,0.16546217,-0.15285446,0.4964212,0.72168785,-0.72844285,1.1585586,1.0638621,-0.67704916,-0.5373091
0.45526266,0.9423009,0.75228345,-0.15285446,0.0044924994,0.72168785,-0.72844285,0.5240091,0.5473348,-0.34782946,-0.72640955
-0.4594394,0.9423009,-0.42135912,-0.15285446,0.4964212,0.72168785,-0.72844285,0.8276863,0.77092844,0.6196191,-0.20644344
-1.3741415,0.9423009,1.6325154,-0.15285446,-1.4712936,-1.3856406,-0.72844285,-1.397784,-1.348886,-0.7752329,-0.7107409
0.45526266,0.9423009,0.75228345,-0.15285446,0.4964212,0.72168785,-0.72844285,0.23846021,0.31606108,-0.061928134,-0.89967674
0.45526266,0.9423009,0.75228345,-0.15285446,-1.4712936,-1.3856406,1.0843866,1.0543143,1.0291677,1.3011593,-1.5848945
-0.4594394,0.9423009,-0.12794848,-0.15285446,0.4964212,0.72168785,-0.72844285,0.79142433,0.87888217,-0.39981154,0.8174908
0.45526266,-1.0612321,0.45887282,-0.15285446,0.0044924994,0.72168785,1.0843866,1.2446802,1.2180364,0.20953605,-0.6790743
0.45526266,-1.0612321,0.16546217,-0.15285446,-1.4712936,-1.3856406,-0.72844285,1.3307962,1.279623,-0.33916578,-0.072493576
-1.3741415,-1.0612321,-1.301591,-0.15285446,-0.48743618,0.72168785,-0.72844285,-1.5337597,-1.7226613,-0.6192867,2.1882381
1.3699647,0.9423009,1.0456941,-0.15285446,1.4802786,-1.3856406,1.0843866,0.14780796,0.21191682,0.64271986,0.58897173
-1.3741415,0.9423009,-1.0081805,-0.15285446,-1.4712936,-1.3856406,-0.72844285,-0.96266186,-1.0830156,-1.5520805,1.8414378
0.45526266,0.9423009,0.16546217,-0.15285446,1.4802786,-1.3856406,-0.72844285,1.9517536,1.9810082,-0.93695945,-0.3247753
-0.4594394,-1.0612321,-0.42135912,-0.15285446,1.4802786,-1.3856406,-0.72844285,0.83221704,0.80559844,0.7091391,0.51803845
0.45526266,-1.0612321,0.16546217,-0.15285446,0.0044924994,0.72168785,-0.72844285,1.181223,1.2528101,0.80443954,-0.49794114
1.3699647,-1.0612321,1.3391048,-0.15285446,0.0044924994,0.72168785,-0.72844285,-0.55926555,-0.43553716,0.90840364,-1.6086445
0.45526266,0.9423009,0.16546217,-0.15285446,1.4802786,-1.3856406,1.0843866,1.0905708,1.1332082,0.49832758,-0.57652503
0.45526266,0.9423009,0.16546217,-0.15285446,-0.48743618,0.72168785,1.0843866,1.1857538,1.1256014,0.27884546,-0.47445717
-0.4594394,-1.0612321,-0.7147698,-0.15285446,1.4802786,-1.3856406,-0.72844285,-0.16493608,-0.1001192,-0.8589864,0.58115643
1.3699647,-1.0612321,1.0456941,-0.15285446,-1.4712936,-1.3856406,-0.72844285,0.20672894,0.26594558,0.6947019,-1.592758
-0.4594394,0.9423009,-0.7147698,-0.15285446,0.0044924994,0.72168785,-0.72844285,-0.83830935,-0.87390286,-1.0930305,1.3436763
1.3699647,0.9423009,1.3391048,-0.15285446,1.4802786,-1.3856406,1.0843866,-0.86747885,-0.95588005,-0.94273293,1.0302399
-0.4594394,0.9423009,-0.7147698,-0.15285446,-1.4712936,-1.3856406,-0.72844285,-0.24199077,-0.18497796,-0.27852005,-0.915624
-0.4594394,0.9423009,-0.12794848,-0.15285446,0.98834985,0.72168785,-0.72844285,0.7415702,0.7285235,-0.2611927,-0.15931082
-0.4594394,-1.0612321,-0.12794848,-0.15285446,0.98834985,0.72168785,-0.72844285,0.7959605,0.73236346,0.75245744,-0.5847584
-0.4594394,-1.0612321,-0.42135912,-0.15285446,0.4964212,0.72168785,1.0843866,0.15233867,0.18510999,1.4022332,-1.0257607
-1.3741415,0.9423009,-1.5950017,-0.15285446,0.98834985,0.72168785,1.0843866,-1.551888,-1.5840058,-1.2286342,0.17170684
-0.4594394,0.9423009,-0.7147698,-0.15285446,1.4802786,-1.3856406,1.0843866,-0.68617433,-0.62830085,-0.9542868,-0.7501089
1.3699647,0.9423009,1.0456941,-0.15285446,0.4964212,0.72168785,1.0843866,0.84128386,0.7787122,0.6629374,-0.9075427
-1.3741415,0.9423009,-1.301591,-0.15285446,0.4964212,0.72168785,1.0843866,-1.0125159,-0.9173212,0.87086564,-1.2384083
-0.4594394,-1.0612321,-0.7147698,-0.15285446,0.0044924994,0.72168785,1.0843866,0.6373204,0.5782685,1.4426683,1.5580721
-0.4594394,0.9423009,-1.0081805,-0.15285446,-0.9793649,0.72168785,-0.72844285,-0.3099786,-0.2543973,-1.0351431,2.5032704
0.45526266,0.9423009,0.75228345,-0.15285446,0.0044924994,0.72168785,-0.72844285,1.2718753,1.3953607,0.7900024,-0.0175583
-0.4594394,-1.0612321,-0.7147698,-0.15285446,-0.9793649,0.72168785,-0.72844285,0.5648018,0.57434916,1.0354755,-0.048908267
1.3699647,-1.0612321,1.0456941,-0.15285446,1.4802786,-1.3856406,-0.72844285,0.020899145,0.111746855,-0.9976052,0.8725908
0.45526266,-1.0612321,0.75228345,-0.15285446,-0.9793649,0.72168785,1.0843866,0.2520578,0.30069494,0.43479162,-0.4743938
-1.3741415,-1.0612321,-1.301591,-0.15285446,-0.9793649,0.72168785,1.0843866,-0.5197075,-0.49024358,1.7264696,1.272895
-0.4594394,-1.0612321,-0.42135912,-0.15285446,0.98834985,0.72168785,-0.72844285,-0.12867409,-0.038483668,-0.25830248,0.49465585
-0.4594394,-1.0612321,-0.42135912,-0.15285446,0.4964212,0.72168785,-0.72844285,1.1177659,1.0638926,0.34815487,0.13233888
0.45526266,0.9423009,0.45887282,-0.15285446,0.0044924994,0.72168785,1.0843866,1.3443938,1.3876318,0.31639037,-0.99425864
-0.4594394,0.9423009,-0.7147698,-0.15285446,-0.9793649,0.72168785,-0.72844285,-0.07428382,-0.023093097,-2.146984,2.1406875
0.45526266,-1.0612321,0.45887282,-0.15285446,0.0044924994,0.72168785,-0.72844285,1.1993513,1.1370481,-0.3593764,-0.5766771
-1.3741415,0.9423009,-1.301591,-0.15285446,-0.9793649,0.72168785,-0.72844285,-0.7405646,-0.74765253,-0.94562316,0.99862397
-0.4594394,0.9423009,-0.7147698,-0.15285446,-0.9793649,0.72168785,1.0843866,-0.2102595,-0.13873298,-0.3969213,-0.22237809
0.45526266,0.9423009,-0.12794848,-0.15285446,-1.4712936,-1.3856406,-0.72844285,1.3081318,1.183342,-1.0264795,-0.5531424
0.45526266,-1.0612321,0.45887282,-0.15285446,0.98834985,0.72168785,1.0843866,0.9908571,0.9328377,0.6629374,-0.631891
-1.3741415,-1.0612321,-1.5950017,-0.15285446,0.4964212,0.72168785,1.0843866,-1.3116624,-1.375876,-0.61640346,0.084990926
0.45526266,-1.0612321,0.45887282,-0.15285446,-0.48743618,0.72168785,-0.72844285,0.7415702,0.69769347,-0.54709405,-0.81302416
1.3699647,0.9423009,1.3391048,-0.15285446,0.4964212,0.72168785,1.0843866,-0.74510074,-0.67446643,-0.31605804,-0.4034099
-1.3741415,-1.0612321,-1.5950017,-0.15285446,-1.4712936,-1.3856406,-0.72844285,-1.5572073,-1.4047401,0.65778774,-1.4593452
-0.4594394,0.9423009,-0.12794848,-0.15285446,-1.4712936,-1.3856406,-0.72844285,0.5421374,0.5782136,-0.9282958,-0.06469092
-0.4594394,0.9423009,-0.7147698,6.542171,-0.9793649,-1.3856406,-0.72844285,0.8775459,0.8211416,-0.45467687,1.2113731
1.3699647,0.9423009,1.3391048,-0.15285446,-1.4712936,-1.3856406,-0.72844285,-0.8720096,-0.87102133,0.4550092,0.48662516
-1.3741415,0.9423009,-1.5950017,-0.15285446,-1.4712936,-1.3856406,-0.72844285,-1.82837,-1.9462305,-1.442336,0.78614086
-0.4594394,0.9423009,-0.42135912,-0.15285446,-0.48743618,0.72168785,1.0843866,0.60105836,0.58973974,0.2239732,-0.41924322
-0.4594394,0.9423009,-0.7147698,-0.15285446,1.4802786,-1.3856406,-0.72844285,0.36536902,0.38156107,0.38569978,1.1956412
1.3699647,0.9423009,1.3391048,-0.15285446,-0.48743618,0.72168785,1.0843866,-0.69977194,-0.6089909,0.40013692,-1.3486083
1.3699647,0.9423009,1.6325154,-0.15285446,0.98834985,0.72168785,-0.72844285,-1.2028819,-1.1369162,0.108462125,-0.7342249
-1.3741415,0.9423009,-1.5950017,-0.15285446,-0.9793649,0.72168785,1.0843866,-1.5473572,-1.4490864,1.9682624,-0.9941573
0.45526266,0.9423009,0.45887282,-0.15285446,1.4802786,-1.3856406,1.0843866,1.0316498,0.96364325,0.7322468,0.2189408
-1.3741415,0.9423009,-1.301591,-0.15285446,-1.4712936,-1.3856406,1.0843866,-1.2890035,-1.318056,0.4203545,-0.16717681
-0.4594394,0.9423009,-0.42135912,-0.15285446,0.0044924994,0.72168785,-0.72844285,0.7279726,0.70545286,0.4896639,-0.84464014
0.45526266,0.9423009,0.75228345,-0.15285446,1.4802786,-1.3856406,1.0843866,1.3625221,1.3567225,0.07669069,-0.96275663
0.45526266,-1.0612321,0.75228345,-0.15285446,-1.4712936,-1.3856406,-0.72844285,1.122302,1.1294658,0.79577583,0.21878879
1.3699647,-1.0612321,1.3391048,-0.15285446,1.4802786,-1.3856406,-0.72844285,-0.9445281,-0.9519912,-0.86765003,0.4471559
-0.4594394,-1.0612321,-0.42135912,-0.15285446,-0.9793649,0.72168785,1.0843866,0.70077753,0.67078286,1.2665046,0.5655384
0.45526266,0.9423009,-0.12794848,-0.15285446,0.0044924994,0.72168785,-0.72844285,1.0588449,0.97905827,-1.852419,1.0460227
-1.3741415,0.9423009,1.6325154,-0.15285446,1.4802786,-1.3856406,-0.72844285,-1.2890035,-1.4914854,-1.28928,2.7632535
-0.4594394,0.9423009,-0.42135912,-0.15285446,0.98834985,0.72168785,-0.72844285,0.96366197,0.89808834,0.83043057,-0.616159
-0.4594394,-1.0612321,-1.0081805,-0.15285446,-0.48743618,0.72168785,-0.72844285,-0.3326376,-0.24284674,-0.018609751,0.46303988
1.3699647,0.9423009,1.3391048,-0.15285446,1.4802786,-1.3856406,-0.72844285,-1.2210156,-1.4143859,-1.5434169,2.3772373
-1.3741415,0.9423009,-1.301591,-0.15285446,-0.48743618,0.72168785,1.0843866,-0.9989184,-0.8942201,-0.8214415,-0.60819167
-1.3741415,-1.0612321,-1.5950017,-0.15285446,0.4964212,0.72168785,-0.72844285,-1.8374368,-2.0118098,-1.0871253,1.4162055
-0.4594394,-1.0612321,-0.12794848,-0.15285446,-0.9793649,0.72168785,1.0843866,0.7189058,0.7016129,0.8246571,-0.4271092
0.45526266,0.9423009,0.45887282,-0.15285446,0.4964212,0.72168785,-0.72844285,1.0497781,0.9559572,0.05936334,-1.3249115
1.3699647,0.9423009,1.0456941,-0.15285446,0.0044924994,0.72168785,-0.72844285,0.460552,0.4780192,0.062253542,-1.4745883
-0.4594394,0.9423009,-0.42135912,-0.15285446,-0.9793649,0.72168785,1.0843866,0.51947296,0.5204242,1.2751683,0.5574571
1.3699647,-1.0612321,1.6325154,-0.15285446,0.98834985,0.72168785,1.0843866,-0.6952412,-0.7362302,-0.879197,0.9041561
0.45526266,0.9423009,0.16546217,-0.15285446,-1.4712936,-1.3856406,-0.72844285,1.7024614,1.6496073,-0.75213206,-0.26175871
0.45526266,0.9423009,0.45887282,-0.15285446,0.4964212,0.72168785,-0.72844285,1.3761197,1.3375163,-0.04748405,-0.41919255
1.3699647,-1.0612321,1.6325154,-0.15285446,-0.48743618,0.72168785,1.0843866,-0.63632023,-0.5126121,-0.22075759,-1.6165612
1.3699647,0.9423009,1.0456941,-0.15285446,0.98834985,0.72168785,1.0843866,0.23392408,0.2584182,1.246287,-0.7185436
0.45526266,0.9423009,0.45887282,-0.15285446,-0.48743618,0.72168785,1.0843866,1.2673392,1.3259963,0.53009206,-0.915624
-0.4594394,-1.0612321,-1.0081805,-0.15285446,0.98834985,0.72168785,-0.72844285,-1.2980648,-1.3681715,-0.9167419,0.52605647
-0.4594394,-1.0612321,-1.0081805,-0.15285446,0.4964212,0.72168785,1.0843866,-1.1847537,-1.2795216,1.2376233,0.6915083
1.3699647,0.9423009,0.75228345,-0.15285446,0.4964212,0.72168785,1.0843866,0.80049115,0.7787122,0.4405651,-0.6947936
1.3699647,0.9423009,1.0456941,-0.15285446,0.0044924994,0.72168785,1.0843866,-0.79042417,-0.72844636,0.27307197,-0.28534403
-1.3741415,0.9423009,-1.5950017,-0.15285446,-1.4712936,-1.3856406,-0.72844285,-0.7224363,-0.63979644,0.452119,0.03765564
1.3699647,-1.0612321,1.3391048,-0.15285446,-0.48743618,0.72168785,-0.72844285,-0.5547348,-0.50874156,0.39147326,-0.6792263
1.3699647,0.9423009,1.6325154,-0.15285446,-1.4712936,-1.3856406,1.0843866,-0.763229,-0.67449087,1.4657692,-1.1203932
-1.3741415,0.9423009,-1.0081805,-0.15285446,0.98834985,0.72168785,1.0843866,-0.5003446,-0.5087721,-1.5260894,2.8576708
-1.3741415,-1.0612321,-1.5950017,-0.15285446,1.4802786,-1.3856406,-0.72844285,-2.4132645,-2.4502268,-1.5751814,-0.21817276
0.45526266,0.9423009,-0.12794848,-0.15285446,0.4964212,0.72168785,-0.72844285,1.3398632,1.191022,-1.4192351,-0.22222608
1.3699647,0.9423009,1.0456941,-0.15285446,-1.4712936,-1.3856406,1.0843866,-0.47314942,-0.37000668,0.56185657,-0.608407
-0.4594394,0.9423009,-0.12794848,-0.15285446,-0.48743618,0.72168785,-0.72844285,1.0089854,1.063917,0.43479162,-0.5215771
1.3699647,-1.0612321,1.0456941,-0.15285446,0.4964212,0.72168785,1.0843866,0.46961886,0.4357913,1.8671885,-0.6004904
-1.3741415,0.9423009,-1.5950017,-0.15285446,-0.9793649,0.72168785,1.0843866,-1.515626,-1.4220965,0.5156549,-1.1437252
0.45526266,-1.0612321,0.45887282,-0.15285446,1.4802786,-1.3856406,1.0843866,0.96366197,0.9470928,1.5437423,2.3613532
1.3699647,-1.0612321,1.0456941,-0.15285446,0.98834985,0.72168785,-0.72844285,-0.4096923,-0.34691167,-0.36804008,0.40788925
-1.3741415,-1.0612321,-1.5950017,-0.15285446,0.98834985,0.72168785,-0.72844285,-1.8599,-1.7826912,-0.61991745,-0.79351753
-0.4594394,0.9423009,-1.0081805,-0.15285446,0.98834985,0.72168785,1.0843866,0.5376067,0.5472859,0.46367288,-0.92332536
0.45526266,0.9423009,0.16546217,-0.15285446,-0.48743618,0.72168785,-0.72844285,1.5120953,1.356698,-0.93695945,-0.7974568
-0.4594394,0.9423009,-0.42135912,-0.15285446,0.4964212,0.72168785,-0.72844285,0.49227786,0.56282914,-0.7434684,0.51022315
-1.3741415,0.9423009,-1.301591,-0.15285446,-0.48743618,0.72168785,-0.72844285,-1.1693829,-1.1312935,-0.22816676,0.20928879
-0.4594394,-1.0612321,-0.42135912,-0.15285446,0.0044924994,0.72168785,-0.72844285,0.2157958,0.29291114,0.03915271,-0.8683268
-1.3741415,0.9423009,-1.5950017,-0.15285446,-0.48743618,0.72168785,1.0843866,-0.70588535,-0.7090449,0.6155991,2.0258515
1.3699647,0.9423009,1.0456941,-0.15285446,0.4964212,0.72168785,1.0843866,0.2565885,0.3007743,1.2000854,-0.8210421
1.3699647,-1.0612321,1.3391048,-0.15285446,-1.4712936,-1.3856406,1.0843866,-0.21479565,-0.14262794,0.39724672,-0.041092943
-0.4594394,0.9423009,-0.12794848,-0.15285446,-0.48743618,0.72168785,1.0843866,0.20672894,0.27759993,-0.09658284,0.25815675
-0.4594394,-1.0612321,-0.7147698,-0.15285446,-0.48743618,0.72168785,-0.72844285,0.70077753,0.6939023,0.7062558,1.7392052
0.45526266,-1.0612321,0.16546217,-0.15285446,0.98834985,0.72168785,-0.72844285,1.8248395,1.8653438,-0.5875222,-0.19071145
0.45526266,-1.0612321,0.45887282,-0.15285446,0.98834985,0.72168785,-0.72844285,1.0724425,1.094692,0.92862123,-1.3329333
-0.4594394,-1.0612321,-0.42135912,-0.15285446,0.98834985,0.72168785,1.0843866,0.05262499,0.084732465,1.6361525,-0.11994286
-0.4594394,-1.0612321,-1.0081805,-0.15285446,0.0044924994,0.72168785,1.0843866,-1.1031682,-1.1176367,0.13445316,-0.20654477
-1.3741415,0.9423009,-1.5950017,-0.15285446,-0.48743618,0.72168785,-0.72844285,-1.9190222,-2.1620405,-1.28928,2.2353706
-1.3741415,-1.0612321,-1.0081805,-0.15285446,-1.4712936,-1.3856406,1.0843866,-0.686963,-0.6969937,2.2247834,1.9518403
1.3699647,0.9423009,1.3391048,-0.15285446,0.0044924994,0.72168785,1.0843866,-1.1258327,-1.256396,-0.5528675,1.4555736
0.45526266,-1.0612321,0.16546217,-0.15285446,0.98834985,0.72168785,-0.72844285,0.87300974,0.8788089,-0.24963881,-0.0805749
1.3699647,0.9423009,1.3391048,-0.15285446,-1.4712936,-1.3856406,-0.72844285,-0.96266186,-0.9211307,-0.6539414,-0.12775819
0.45526266,-1.0612321,0.45887282,-0.15285446,1.4802786,-1.3856406,-0.72844285,1.0588449,1.0291432,0.32505405,-1.0732099
0.45526266,0.9423009,0.45887282,-0.15285446,-0.9793649,0.72168785,1.0843866,1.3579915,1.4030712,0.18643522,-0.75797486
-1.3741415,-1.0612321,-1.301591,-0.15285446,-1.4712936,-1.3856406,-0.72844285,-1.1835734,-1.2398578,-1.5209398,0.43118325
1.3699647,-1.0612321,1.0456941,-0.15285446,1.4802786,-1.3856406,-0.72844285,0.10248455,0.20037235,0.51276475,-1.8213379
-1.3741415,0.9423009,-1.301591,-0.15285446,0.4964212,0.72168785,1.0843866,-0.5637962,-0.49724597,0.31639037,-0.025424292
0.45526266,0.9423009,0.16546217,-0.15285446,1.4802786,-1.3856406,-0.72844285,1.3761197,1.3258924,-0.09658284,-0.40335923
1.3699647,-1.0612321,0.75228345,-0.15285446,0.0044924994,0.72168785,1.0843866,0.7189058,0.5783662,1.5350785,-0.5138251
1.3699647,0.9423009,1.0456941,-0.15285446,1.4802786,-1.3856406,-0.72844285,0.27925292,0.35469928,0.25574464,0.99852264
0.45526266,0.9423009,0.16546217,-0.15285446,0.0044924994,0.72168785,-0.72844285,1.2038875,1.0600221,-1.2286342,-0.30899265
1.3699647,-1.0612321,1.0456941,-0.15285446,-0.9793649,0.72168785,-0.72844285,0.17047238,0.1850062,-0.33050212,-0.17499214
-1.3741415,0.9423009,-1.301591,-0.15285446,-0.48743618,0.72168785,-0.72844285,-0.80855244,-0.728422,-0.90807825,-0.52965844
-1.3741415,-1.0612321,-1.5950017,-0.15285446,0.98834985,0.72168785,1.0843866,-1.6281539,-1.5696042,1.1489766,-0.8346588
-1.3741415,-1.0612321,-1.301591,-0.15285446,1.4802786,-1.3856406,-0.72844285,-1.5246928,-1.5107708,-0.5759683,0.17952216
0.45526266,-1.0612321,0.16546217,-0.15285446,-1.4712936,-1.3856406,-0.72844285,1.1766924,1.156352,-0.16011184,0.70729095
0.45526266,-1.0612321,0.75228345,-0.15285446,0.4964212,0.72168785,2.897216,0.71299356,0.4575066,2.164512,0.045014966
0.45526266,0.9423009,0.16546217,-0.15285446,-0.9793649,0.72168785,-0.72844285,1.4169124,1.4878018,0.12289928,-0.31675732
-1.3741415,0.9423009,-1.5950017,-0.15285446,0.4964212,0.72168785,1.0843866,-0.8765403,-0.7592764,0.98637676,-1.466778
-0.4594394,-1.0612321,-0.42135912,-0.15285446,0.4964212,0.72168785,-0.72844285,-0.23745462,-0.23506294,-1.2690624,1.345171
-0.4594394,0.9423009,-0.12794848,-0.15285446,0.0044924994,0.72168785,-0.72844285,0.27925292,0.37772104,-0.11101999,-1.4195415
0.45526266,-1.0612321,0.16546217,-0.15285446,0.4964212,0.72168785,1.0843866,1.6979306,2.112008,0.4434553,0.4158059
-1.3741415,0.9423009,-1.5950017,-0.15285446,0.4964212,0.72168785,1.0843866,-0.6544485,-0.6012315,1.2174127,-0.104210876
0.45526266,-1.0612321,0.45887282,-0.15285446,-0.9793649,0.72168785,-0.72844285,0.7279726,0.77860844,-0.50377566,-0.37200928
0.45526266,0.9423009,0.16546217,-0.15285446,0.98834985,0.72168785,-0.72844285,1.7704492,1.661231,-1.2228608,-0.54532707
-1.3741415,-1.0612321,-1.5950017,-0.15285446,1.4802786,-1.3856406,1.0843866,-1.8374368,-1.9423906,-0.63373077,0.98305666
-1.3741415,0.9423009,-1.301591,-0.15285446,-1.4712936,-1.3856406,-0.72844285,-1.2164794,-1.2949365,-1.5058719,0.20310748
-1.3741415,0.9423009,-1.301591,-0.15285446,-1.4712936,-1.3856406,-0.72844285,-2.0414004,-2.312326,-1.1275604,2.7868896
1.3699647,-1.0612321,1.6325154,-0.15285446,0.4964212,0.72168785,-0.72844285,-1.2890035,-1.3643498,-0.3276119,0.64427435
-0.4594394,0.9423009,-0.7147698,-0.15285446,0.98834985,0.72168785,-0.72844285,-0.24652149,-0.1696179,-1.5694078,2.0068896
1.3699647,0.9423009,1.6325154,-0.15285446,0.4964212,0.72168785,-0.72844285,-1.3433937,-1.3566209,-0.8214415,-0.1829088
-0.4594394,-1.0612321,-0.42135912,-0.15285446,-0.48743618,0.72168785,1.0843866,0.85488147,0.7594084,0.7871122,0.22670545
-1.3741415,-1.0612321,-1.301591,-0.15285446,-0.48743618,0.72168785,-0.72844285,-1.287622,-1.3806133,-2.1688304,1.2942764
1.3699647,0.9423009,0.75228345,-0.15285446,0.98834985,0.72168785,1.0843866,0.6327897,0.6437197,0.43479162,-0.31685865
1.3699647,0.9423009,1.6325154,-0.15285446,1.4802786,-1.3856406,1.0843866,-1.1122351,-0.9982606,1.2434038,-1.6402048
0.45526266,0.9423009,0.45887282,-0.15285446,0.0044924994,0.72168785,-0.72844285,1.1087046,1.0599183,-0.053264458,-0.24602674
-1.3741415,0.9423009,-1.5950017,-0.15285446,-1.4712936,-1.3856406,-0.72844285,-0.89920473,-0.85568565,-1.1246701,0.029738983
-0.4594394,0.9423009,-0.7147698,-0.15285446,0.98834985,0.72168785,-0.72844285,-0.5411373,-0.5473309,-1.7340177,1.4084536
-0.4594394,-1.0612321,-0.7147698,-0.15285446,-1.4712936,-1.3856406,1.0843866,0.42882615,0.435541,1.2722781,0.037756976
0.45526266,0.9423009,0.75228345,6.542171,-0.9793649,-1.3856406,-0.72844285,1.1132352,1.106267,1.1336592,-0.4822598
-0.4594394,-1.0612321,-0.42135912,-0.15285446,-1.4712936,-1.3856406,1.0843866,0.32457632,0.33930874,1.6621435,-0.45872518
0.45526266,0.9423009,0.16546217,-0.15285446,-0.9793649,0.72168785,1.0843866,1.1313635,1.0600221,0.38858306,-0.10410955
0.45526266,-1.0612321,0.75228345,-0.15285446,-0.48743618,0.72168785,2.897216,0.20219822,0.21232584,1.7998891,1.9601496
0.45526266,-1.0612321,0.16546217,-0.15285446,0.0044924994,0.72168785,-0.72844285,1.4441075,1.6265366,0.5531929,-0.95477664
-1.3741415,-1.0612321,-1.5950017,-0.15285446,-0.48743618,0.72168785,1.0843866,-1.5564187,-1.514562,1.6246055,-0.5373091
1.3699647,-1.0612321,1.3391048,-0.15285446,0.0044924994,0.72168785,-0.72844285,-0.96719253,-1.032955,-0.09658284,1.0382073
-0.4594394,0.9423009,-0.42135912,-0.15285446,1.4802786,-1.3856406,-0.72844285,0.3336432,0.39313602,-1.0178158,-0.8367741
0.45526266,-1.0612321,0.16546217,-0.15285446,-0.48743618,0.72168785,-0.72844285,1.4622413,1.3220769,-0.5990761,0.14014153
0.45526266,0.9423009,0.45887282,-0.15285446,0.0044924994,0.72168785,-0.72844285,0.89567417,0.8634428,0.34526467,-1.5062029
0.45526266,-1.0612321,-0.12794848,-0.15285446,-0.48743618,0.72168785,1.0843866,0.9681927,0.9598521,0.99215716,-0.23014274
-1.3741415,-1.0612321,-1.0081805,-0.15285446,-0.48743618,0.72168785,-0.72844285,-1.2844673,-1.3219754,-0.63950425,0.34492332
-0.4594394,-1.0612321,-0.42135912,-0.15285446,0.0044924994,0.72168785,1.0843866,-0.48221084,-0.46257597,0.76112115,1.7708212
-1.3741415,0.9423009,-1.0081805,-0.15285446,1.4802786,-1.3856406,1.0843866,0.061691847,0.15033622,0.89107627,-0.994208
-0.4594394,0.9423009,-0.12794848,-0.15285446,-0.9793649,0.72168785,-0.72844285,0.5149423,0.5974442,-0.9716142,1.2114238
-1.3741415,-1.0612321,-1.0081805,-0.15285446,0.0044924994,0.72168785,1.0843866,-0.7484512,-0.6928545,1.0344706,0.1763555
0.45526266,0.9423009,-0.12794848,-0.15285446,1.4802786,-1.3856406,-0.72844285,1.2446802,1.0523176,-0.6423945,-0.11999353
0.45526266,-1.0612321,0.75228345,-0.15285446,0.0044924994,0.72168785,2.897216,0.5240091,0.38954633,2.0086906,-1.1675283
-1.3741415,0.9423009,-1.301591,-0.15285446,1.4802786,-1.3856406,-0.72844285,-1.1530278,-1.3720603,-1.6040626,2.944336
-0.4594394,-1.0612321,-0.42135912,-0.15285446,-0.48743618,0.72168785,-0.72844285,1.4803696,1.4954817,0.06514374,-0.9862913
0.45526266,-1.0612321,0.45887282,-0.15285446,-1.4712936,-1.3856406,-0.72844285,1.1108366,1.0228124,-0.4539976,1.4625528
1.3699647,0.9423009,1.0456941,-0.15285446,-0.48743618,0.72168785,2.897216,0.47868028,0.37797135,1.6939149,-1.0731086
-0.4594394,0.9423009,-0.12794848,-0.15285446,-0.48743618,0.72168785,1.0843866,0.81861943,0.7170523,1.4282242,0.32112268
1.3699647,-1.0612321,1.3391048,-0.15285446,0.98834985,0.72168785,-0.72844285,-1.2436746,-1.2679955,-1.5058719,-0.26170805
0.45526266,0.9423009,0.75228345,-0.15285446,-0.48743618,0.72168785,-0.72844285,1.2129489,1.2604718,0.88530284,0.5969391
0.45526266,-1.0612321,0.75228345,-0.15285446,0.0044924994,0.72168785,-0.72844285,0.9274,0.89424837,0.4838835,-0.27732605
-1.3741415,-1.0612321,-1.301591,-0.15285446,1.4802786,-1.3856406,-0.72844285,-1.1983511,-1.2101755,-0.6192867,-0.033226952
0.45526266,-1.0612321,0.75228345,-0.15285446,0.4964212,0.72168785,1.0843866,0.6826438,0.4550768,1.9047265,-0.77354217
-1.3741415,-1.0612321,-1.0081805,-0.15285446,-0.48743618,0.72168785,1.0843866,-1.0085781,-0.99048287,0.19672766,-0.061878923
-0.4594394,0.9423009,-0.7147698,-0.15285446,-0.48743618,0.72168785,-0.72844285,-0.486747,-0.45871153,-1.199753,0.7623909
1.3699647,0.9423009,1.6325154,-0.15285446,0.4964212,0.72168785,1.0843866,-0.93999743,-0.8864607,0.28173566,-0.71859425
-0.4594394,-1.0612321,-0.42135912,-0.15285446,1.4802786,-1.3856406,-0.72844285,0.5421374,0.55893415,-0.00416567,-0.8682254
